{"GFLOPS": 0.0027863685, "epoch": 9, "_timestamp": 1680598114, "_runtime": 32, "loss": 0.3870844841003418, "accuracy": 0.8466737270355225, "auc": 0.7691091895103455, "precision": 0.7093425393104553, "recall": 0.24203069508075714, "balanced_accuracy": 0.6101132035255432, "val_loss": 0.3827265799045563, "val_accuracy": 0.8488175868988037, "val_auc": 0.7731553912162781, "val_precision": 0.8113207817077637, "val_recall": 0.20283019542694092, "val_balanced_accuracy": 0.5906508564949036, "_step": 9, "best_val_loss": 0.3827265799045563, "best_epoch": 9, "_wandb": {"runtime": 175}}