{"GFLOPS": 0.0027863685, "epoch": 9, "_timestamp": 1680596890, "_runtime": 33, "loss": 0.38790351152420044, "accuracy": 0.8458289504051208, "auc": 0.7711161971092224, "precision": 0.7158671617507935, "recall": 0.22904367744922638, "balanced_accuracy": 0.6028003096580505, "val_loss": 0.37539681792259216, "val_accuracy": 0.8530405163764954, "val_auc": 0.7818055748939514, "val_precision": 0.779411792755127, "val_recall": 0.25, "val_balanced_accuracy": 0.6126038432121277, "_step": 9, "best_val_loss": 0.37539681792259216, "best_epoch": 9, "_wandb": {"runtime": 166}}