{"GFLOPS": 0.0027863685, "epoch": 9, "_timestamp": 1680598681, "_runtime": 30, "loss": 0.38876640796661377, "accuracy": 0.8487856388092041, "auc": 0.7616178393363953, "precision": 0.7133550643920898, "recall": 0.25855961441993713, "balanced_accuracy": 0.618632435798645, "val_loss": 0.4006218910217285, "val_accuracy": 0.8429054021835327, "val_auc": 0.7424392700195312, "val_precision": 0.7407407164573669, "val_recall": 0.18867924809455872, "val_balanced_accuracy": 0.5802116394042969, "_step": 9, "best_val_loss": 0.4006218910217285, "best_epoch": 9, "_wandb": {"runtime": 75}}