{"GFLOPS": 0.0027863685, "epoch": 9, "_timestamp": 1683613760, "_runtime": 38, "loss": 0.3836918771266937, "accuracy": 0.8515311479568481, "auc": 0.7739524245262146, "precision": 0.7465753555297852, "recall": 0.2573789954185486, "balanced_accuracy": 0.6192144155502319, "val_loss": 0.3803451657295227, "val_accuracy": 0.8521959185600281, "val_auc": 0.7788017392158508, "val_precision": 0.849056601524353, "val_recall": 0.21226415038108826, "val_balanced_accuracy": 0.6007637977600098, "_step": 9, "best_val_loss": 0.3803451657295227, "best_epoch": 9, "_wandb": {"runtime": 29}}