{"GFLOPS": 0.0027863685, "epoch": 9, "_timestamp": 1680605211, "_runtime": 29, "loss": 0.397083580493927, "accuracy": 0.843294620513916, "auc": 0.7489462494850159, "precision": 0.6966292262077332, "recall": 0.21959857642650604, "balanced_accuracy": 0.5973348617553711, "val_loss": 0.37319833040237427, "val_accuracy": 0.8505067825317383, "val_auc": 0.7833197116851807, "val_precision": 0.7611940503120422, "val_recall": 0.24056604504585266, "val_balanced_accuracy": 0.6151535511016846, "_step": 9, "best_val_loss": 0.37319833040237427, "best_epoch": 9, "_wandb": {"runtime": 23}}