{"GFLOPS": 0.0027863685, "epoch": 9, "_timestamp": 1682505090, "_runtime": 37, "loss": 0.3910438120365143, "accuracy": 0.8458289504051208, "auc": 0.7607296705245972, "precision": 0.7127272486686707, "recall": 0.23140496015548706, "balanced_accuracy": 0.60575270652771, "val_loss": 0.3799666166305542, "val_accuracy": 0.8462837934494019, "val_auc": 0.7763898372650146, "val_precision": 0.6744186282157898, "val_recall": 0.27358490228652954, "val_balanced_accuracy": 0.6298525333404541, "_step": 9, "best_val_loss": 0.3799666166305542, "best_epoch": 9, "_wandb": {"runtime": 109}}