{"GFLOPS": 0.0027863685, "epoch": 9, "_timestamp": 1680604759, "_runtime": 32, "loss": 0.39718878269195557, "accuracy": 0.8460401296615601, "auc": 0.7506892681121826, "precision": 0.7201492786407471, "recall": 0.22786304354667664, "balanced_accuracy": 0.6047260165214539, "val_loss": 0.3796456456184387, "val_accuracy": 0.8488175868988037, "val_auc": 0.7786974906921387, "val_precision": 0.761904776096344, "val_recall": 0.22641509771347046, "val_balanced_accuracy": 0.6088898777961731, "_step": 9, "best_val_loss": 0.3796456456184387, "best_epoch": 9, "_wandb": {"runtime": 26}}