{"GFLOPS": 0.0027863685, "epoch": 9, "_timestamp": 1680606475, "_runtime": 31, "loss": 0.40341734886169434, "accuracy": 0.8392819166183472, "auc": 0.743718147277832, "precision": 0.646258533000946, "recall": 0.2243211269378662, "balanced_accuracy": 0.5980164408683777, "val_loss": 0.3524947166442871, "val_accuracy": 0.8640202879905701, "val_auc": 0.8242439031600952, "val_precision": 0.8311688303947449, "val_recall": 0.30188679695129395, "val_balanced_accuracy": 0.6757265329360962, "_step": 9, "best_val_loss": 0.3524947166442871, "best_epoch": 9, "_wandb": {"runtime": 24}}