{"GFLOPS": 0.0027863685, "epoch": 9, "_timestamp": 1680527161, "_runtime": 539, "loss": 0.29392027854919434, "accuracy": 0.8984358906745911, "auc": 0.7607829570770264, "precision": 0.7362637519836426, "recall": 0.23730814456939697, "balanced_accuracy": 0.5665445327758789, "val_loss": 0.29713916778564453, "val_accuracy": 0.8992688655853271, "val_auc": 0.7915138602256775, "val_precision": 0.7049180269241333, "val_recall": 0.20283019542694092, "val_balanced_accuracy": 0.5694082975387573, "_step": 39, "best_val_loss": 0.25594860315322876, "best_epoch": 9, "auc_2": 0.7689867615699768, "precision_2": 0.7900000214576721, "recall_2": 0.14157706499099731, "val_auc_2": 0.7541834712028503, "val_precision_2": 0.8260869383811951, "val_recall_2": 0.1366906464099884, "_wandb": {"runtime": 609}}