{"GFLOPS": 0.0027863685, "epoch": 9, "_timestamp": 1682500742, "_runtime": 37, "loss": 0.3872604966163635, "accuracy": 0.8479408621788025, "auc": 0.7677611708641052, "precision": 0.7095709443092346, "recall": 0.25383707880973816, "balanced_accuracy": 0.616136908531189, "val_loss": 0.3691866993904114, "val_accuracy": 0.8564189076423645, "val_auc": 0.7942920327186584, "val_precision": 0.7916666865348816, "val_recall": 0.2688679099082947, "val_balanced_accuracy": 0.6263104677200317, "_step": 9, "best_val_loss": 0.3691866993904114, "best_epoch": 9, "_wandb": {"runtime": 473}}