{"GFLOPS": 0.0027863685, "epoch": 9, "_timestamp": 1680609703, "_runtime": 30, "loss": 0.3966774344444275, "accuracy": 0.8485744595527649, "auc": 0.7487197518348694, "precision": 0.7272727489471436, "recall": 0.24557261168956757, "balanced_accuracy": 0.6108431816101074, "val_loss": 0.384177029132843, "val_accuracy": 0.84375, "val_auc": 0.774062991142273, "val_precision": 0.7213114500045776, "val_recall": 0.2075471729040146, "val_balanced_accuracy": 0.5836325883865356, "_step": 9, "best_val_loss": 0.384177029132843, "best_epoch": 9, "_wandb": {"runtime": 410}}