{"GFLOPS": 0.0027863685, "epoch": 43, "_timestamp": 1683557213, "_runtime": 50, "loss": 0.26451489329338074, "accuracy": 0.8941921591758728, "auc": 0.9095635414123535, "precision": 0.7952218651771545, "recall": 0.5501770973205566, "balanced_accuracy": 0.7594629526138306, "val_loss": 0.3828270733356476, "val_accuracy": 0.8412162065505981, "val_auc": 0.817100465297699, "val_precision": 0.567415714263916, "val_recall": 0.47641509771347046, "val_balanced_accuracy": 0.7259826064109802, "_step": 43, "best_val_loss": 0.3550615608692169, "best_epoch": 23, "_wandb": {"runtime": 19068}}