{"GFLOPS": 0.0027863685, "epoch": 9, "_timestamp": 1680528540, "_runtime": 25, "loss": 0.38791027665138245, "accuracy": 0.8479408621788025, "auc": 0.7667292356491089, "precision": 0.7414448857307434, "recall": 0.23022432625293732, "balanced_accuracy": 0.6084455251693726, "val_loss": 0.3813938796520233, "val_accuracy": 0.8454391956329346, "val_auc": 0.7796679139137268, "val_precision": 0.7301587462425232, "val_recall": 0.21698112785816193, "val_balanced_accuracy": 0.6042696833610535, "_step": 9, "best_val_loss": 0.3813938796520233, "best_epoch": 9, "_wandb": {"runtime": 21}}