{"GFLOPS": 0.0027863685, "epoch": 9, "_timestamp": 1680525075, "_runtime": 1028, "loss": 0.5345966815948486, "accuracy": 0.7411176562309265, "auc": 0.7531315684318542, "precision": 0.7263843417167664, "recall": 0.2632821798324585, "balanced_accuracy": 0.6425594091415405, "val_loss": 0.500781774520874, "val_accuracy": 0.7655172348022461, "val_auc": 0.7765063643455505, "val_precision": 0.779411792755127, "val_recall": 0.25, "val_balanced_accuracy": 0.6633240580558777, "_step": 69, "best_val_loss": 0.23504561185836792, "best_epoch": 9, "auc_2": 0.7375855445861816, "precision_2": 0.6240875720977783, "recall_2": 0.3857868015766144, "val_auc_2": 0.7794188261032104, "val_precision_2": 0.6859205961227417, "val_recall_2": 0.42889389395713806, "_wandb": {"runtime": 1191}}