{"GFLOPS": 0.0027863685, "epoch": 9, "_timestamp": 1680595763, "_runtime": 32, "loss": 0.38612186908721924, "accuracy": 0.8475185036659241, "auc": 0.7710278630256653, "precision": 0.7394636273384094, "recall": 0.22786304354667664, "balanced_accuracy": 0.6055893898010254, "val_loss": 0.37719258666038513, "val_accuracy": 0.8488175868988037, "val_auc": 0.7763510346412659, "val_precision": 0.7260273694992065, "val_recall": 0.25, "val_balanced_accuracy": 0.6115807294845581, "_step": 9, "best_val_loss": 0.37719258666038513, "best_epoch": 9, "_wandb": {"runtime": 26}}