{"GFLOPS": 0.0027863685, "epoch": 9, "_timestamp": 1680527354, "_runtime": 29, "loss": 0.394718199968338, "accuracy": 0.8454065322875977, "auc": 0.7532395720481873, "precision": 0.7254902124404907, "recall": 0.2184179425239563, "balanced_accuracy": 0.6010340452194214, "val_loss": 0.38878610730171204, "val_accuracy": 0.8479729890823364, "val_auc": 0.7671499848365784, "val_precision": 0.8333333134651184, "val_recall": 0.18867924809455872, "val_balanced_accuracy": 0.5917331576347351, "_step": 9, "best_val_loss": 0.38878610730171204, "best_epoch": 9}