{"GFLOPS": 0.0027863685, "epoch": 9, "_timestamp": 1680607431, "_runtime": 32, "loss": 0.3882332146167755, "accuracy": 0.8485744595527649, "auc": 0.7664237022399902, "precision": 0.7559055089950562, "recall": 0.2266824096441269, "balanced_accuracy": 0.6050035357475281, "val_loss": 0.3694317936897278, "val_accuracy": 0.8589527010917664, "val_auc": 0.793809175491333, "val_precision": 0.868852436542511, "val_recall": 0.25, "val_balanced_accuracy": 0.6199003458023071, "_step": 9, "best_val_loss": 0.3694317936897278, "best_epoch": 9, "_wandb": {"runtime": 242}}