{"GFLOPS": 0.0027863685, "epoch": 9, "_timestamp": 1683614643, "_runtime": 37, "loss": 0.3932742178440094, "accuracy": 0.8422386646270752, "auc": 0.7601604461669922, "precision": 0.6748251914978027, "recall": 0.22786304354667664, "balanced_accuracy": 0.6022732853889465, "val_loss": 0.3798072040081024, "val_accuracy": 0.8581081032752991, "val_auc": 0.7737814784049988, "val_precision": 0.7972972989082336, "val_recall": 0.2783018946647644, "val_balanced_accuracy": 0.6278961896896362, "_step": 9, "best_val_loss": 0.3798072040081024, "best_epoch": 9, "_wandb": {"runtime": 28}}