{"GFLOPS": 0.0027863685, "epoch": 9, "_timestamp": 1683614176, "_runtime": 37, "loss": 0.39517971873283386, "accuracy": 0.8492079973220825, "auc": 0.7495301365852356, "precision": 0.7152103781700134, "recall": 0.260920912027359, "balanced_accuracy": 0.6199564337730408, "val_loss": 0.3854075074195862, "val_accuracy": 0.8488175868988037, "val_auc": 0.763129472732544, "val_precision": 0.7538461685180664, "val_recall": 0.23113207519054413, "val_balanced_accuracy": 0.6068845987319946, "_step": 9, "best_val_loss": 0.3854075074195862, "best_epoch": 9, "_wandb": {"runtime": 28}}