{"GFLOPS": 0.0027863685, "epoch": 9, "_timestamp": 1683615386, "_runtime": 142, "loss": 0.5287518501281738, "accuracy": 0.7419800162315369, "auc": 0.7793502807617188, "precision": 0.7368420958518982, "recall": 0.24793387949466705, "balanced_accuracy": 0.6435975432395935, "val_loss": 0.5149744153022766, "val_accuracy": 0.751724123954773, "val_auc": 0.7989531755447388, "val_precision": 0.75, "val_recall": 0.24056604504585266, "val_balanced_accuracy": 0.6708415150642395, "_step": 69, "best_val_loss": 0.2323615401983261, "best_epoch": 9, "auc_2": 0.7461540699005127, "precision_2": 0.6260236501693726, "recall_2": 0.3880428671836853, "val_auc_2": 0.7724517583847046, "val_precision_2": 0.6397306323051453, "val_recall_2": 0.42889389395713806, "_wandb": {"runtime": 142}}