{"GFLOPS": 0.0027863685, "epoch": 9, "_timestamp": 1682505860, "_runtime": 34, "loss": 0.3937991261482239, "accuracy": 0.8483632802963257, "auc": 0.7569674253463745, "precision": 0.7034700512886047, "recall": 0.2632821798324585, "balanced_accuracy": 0.6186050772666931, "val_loss": 0.3707815110683441, "val_accuracy": 0.8657094836235046, "val_auc": 0.7778674960136414, "val_precision": 0.8732394576072693, "val_recall": 0.2924528419971466, "val_balanced_accuracy": 0.6458743214607239, "_step": 9, "best_val_loss": 0.3707815110683441, "best_epoch": 9, "_wandb": {"runtime": 101}}