{"GFLOPS": 0.0027863685, "epoch": 9, "_timestamp": 1682507419, "_runtime": 31, "loss": 0.38560932874679565, "accuracy": 0.8483632802963257, "auc": 0.7719627022743225, "precision": 0.7114754319190979, "recall": 0.25619834661483765, "balanced_accuracy": 0.6183741092681885, "val_loss": 0.36826086044311523, "val_accuracy": 0.8564189076423645, "val_auc": 0.7948694825172424, "val_precision": 0.828125, "val_recall": 0.25, "val_balanced_accuracy": 0.6210063695907593, "_step": 9, "best_val_loss": 0.36826086044311523, "best_epoch": 9, "_wandb": {"runtime": 78}}