{"GFLOPS": 0.0027863685, "epoch": 9, "_timestamp": 1680606315, "_runtime": 31, "loss": 0.390598863363266, "accuracy": 0.8477296829223633, "auc": 0.7560855746269226, "precision": 0.7172414064407349, "recall": 0.24557261168956757, "balanced_accuracy": 0.612404465675354, "val_loss": 0.3771059811115265, "val_accuracy": 0.8488175868988037, "val_auc": 0.7854186296463013, "val_precision": 0.746268630027771, "val_recall": 0.2358490526676178, "val_balanced_accuracy": 0.6080836057662964, "_step": 9, "best_val_loss": 0.3771059811115265, "best_epoch": 9, "_wandb": {"runtime": 24}}