{"GFLOPS": 0.0027863685, "epoch": 9, "_timestamp": 1682506072, "_runtime": 34, "loss": 0.3784920871257782, "accuracy": 0.8532207012176514, "auc": 0.7802812457084656, "precision": 0.7196531891822815, "recall": 0.293978750705719, "balanced_accuracy": 0.6350918412208557, "val_loss": 0.3946780264377594, "val_accuracy": 0.8386824131011963, "val_auc": 0.7557772994041443, "val_precision": 0.6779661178588867, "val_recall": 0.18867924809455872, "val_balanced_accuracy": 0.576790452003479, "_step": 9, "best_val_loss": 0.3946780264377594, "best_epoch": 9}