{"GFLOPS": 0.0027863685, "epoch": 9, "_timestamp": 1680522320, "_runtime": 30, "loss": 0.39165595173835754, "accuracy": 0.8485744595527649, "auc": 0.7585509419441223, "precision": 0.7620967626571655, "recall": 0.22314049303531647, "balanced_accuracy": 0.6056886315345764, "val_loss": 0.3668575584888458, "val_accuracy": 0.8564189076423645, "val_auc": 0.7952989935874939, "val_precision": 0.8888888955116272, "val_recall": 0.22641509771347046, "val_balanced_accuracy": 0.599712073802948, "_step": 9, "best_val_loss": 0.3668575584888458, "best_epoch": 9, "_wandb": {"runtime": 455}}