{"GFLOPS": 0.0027863685, "epoch": 9, "_timestamp": 1680595563, "_runtime": 35, "loss": 0.3855098783969879, "accuracy": 0.8511087894439697, "auc": 0.7687747478485107, "precision": 0.77734375, "recall": 0.23494687676429749, "balanced_accuracy": 0.6100078225135803, "val_loss": 0.3637109398841858, "val_accuracy": 0.8538851141929626, "val_auc": 0.8098212480545044, "val_precision": 0.8305084705352783, "val_recall": 0.23113207519054413, "val_balanced_accuracy": 0.6168900728225708, "_step": 9, "best_val_loss": 0.3637109398841858, "best_epoch": 9, "_wandb": {"runtime": 27}}