{"GFLOPS": 0.0027863685, "epoch": 9, "_timestamp": 1682505300, "_runtime": 33, "loss": 0.3841308057308197, "accuracy": 0.8506863713264465, "auc": 0.7699554562568665, "precision": 0.7536231875419617, "recall": 0.24557261168956757, "balanced_accuracy": 0.6148535013198853, "val_loss": 0.3721506595611572, "val_accuracy": 0.8471283912658691, "val_auc": 0.7995429635047913, "val_precision": 0.8163265585899353, "val_recall": 0.18867924809455872, "val_balanced_accuracy": 0.5933679342269897, "_step": 9, "best_val_loss": 0.3721506595611572, "best_epoch": 9, "_wandb": {"runtime": 26}}