{"GFLOPS": 0.0027863685, "epoch": 9, "_timestamp": 1682507292, "_runtime": 34, "loss": 0.38164982199668884, "accuracy": 0.8542766571044922, "auc": 0.7743863463401794, "precision": 0.769759476184845, "recall": 0.26446279883384705, "balanced_accuracy": 0.6241449117660522, "val_loss": 0.3842694163322449, "val_accuracy": 0.8471283912658691, "val_auc": 0.766541063785553, "val_precision": 0.7719298005104065, "val_recall": 0.2075471729040146, "val_balanced_accuracy": 0.6011792421340942, "_step": 9, "best_val_loss": 0.3842694163322449, "best_epoch": 9, "_wandb": {"runtime": 27}}