{"GFLOPS": 0.0027863685, "epoch": 9, "_timestamp": 1680096410, "_runtime": 95, "loss": 0.5247116684913635, "accuracy": 0.73697829246521, "auc": 0.756824254989624, "precision": 0.7444444298744202, "recall": 0.23730814456939697, "balanced_accuracy": 0.6355810761451721, "val_loss": 0.5184829831123352, "val_accuracy": 0.7489655017852783, "val_auc": 0.7709206342697144, "val_precision": 0.75, "val_recall": 0.24056604504585266, "val_balanced_accuracy": 0.6727442741394043, "_step": 69, "best_val_loss": 0.2313714474439621, "best_epoch": 9, "auc_2": 0.7508230209350586, "precision_2": 0.614814817905426, "recall_2": 0.37450647354125977, "val_auc_2": 0.7615001201629639, "val_precision_2": 0.6261980533599854, "val_recall_2": 0.44243791699409485, "_wandb": {"runtime": 89}}