{"GFLOPS": 0.0027863685, "epoch": 9, "_timestamp": 1680604977, "_runtime": 27, "loss": 0.3812987804412842, "accuracy": 0.8513199687004089, "auc": 0.775223970413208, "precision": 0.7581227421760559, "recall": 0.24793387949466705, "balanced_accuracy": 0.6147909164428711, "val_loss": 0.3979407548904419, "val_accuracy": 0.837837815284729, "val_auc": 0.7535037994384766, "val_precision": 0.6724137663841248, "val_recall": 0.18396227061748505, "val_balanced_accuracy": 0.5916237831115723, "_step": 9, "best_val_loss": 0.3979407548904419, "best_epoch": 9, "_wandb": {"runtime": 22}}