{"GFLOPS": 0.0027863685, "epoch": 9, "_timestamp": 1680528630, "_runtime": 19, "loss": 0.38668325543403625, "accuracy": 0.8492079973220825, "auc": 0.7665664553642273, "precision": 0.7366548180580139, "recall": 0.24439197778701782, "balanced_accuracy": 0.6140415072441101, "val_loss": 0.3743969202041626, "val_accuracy": 0.8513513803482056, "val_auc": 0.7840185761451721, "val_precision": 0.8103448152542114, "val_recall": 0.2216981202363968, "val_balanced_accuracy": 0.6108077168464661, "_step": 9, "best_val_loss": 0.3743969202041626, "best_epoch": 9, "_wandb": {"runtime": 17}}