{"GFLOPS": 0.0027863685, "epoch": 9, "_timestamp": 1680596457, "_runtime": 31, "loss": 0.39107808470726013, "accuracy": 0.8468849062919617, "auc": 0.7609805464744568, "precision": 0.732824444770813, "recall": 0.2266824096441269, "balanced_accuracy": 0.6037006378173828, "val_loss": 0.368639200925827, "val_accuracy": 0.8564189076423645, "val_auc": 0.7926153540611267, "val_precision": 0.7837837934494019, "val_recall": 0.27358490228652954, "val_balanced_accuracy": 0.6265534162521362, "_step": 9, "best_val_loss": 0.368639200925827, "best_epoch": 9, "_wandb": {"runtime": 25}}