{"GFLOPS": 0.0027863685, "epoch": 9, "_timestamp": 1683613957, "_runtime": 34, "loss": 0.3853485584259033, "accuracy": 0.8456177115440369, "auc": 0.7698931694030762, "precision": 0.673652708530426, "recall": 0.265643447637558, "balanced_accuracy": 0.6190077662467957, "val_loss": 0.37422800064086914, "val_accuracy": 0.8513513803482056, "val_auc": 0.7779062986373901, "val_precision": 0.7727272510528564, "val_recall": 0.24056604504585266, "val_balanced_accuracy": 0.6064960360527039, "_step": 9, "best_val_loss": 0.37422800064086914, "best_epoch": 9, "_wandb": {"runtime": 25}}