{"GFLOPS": 0.0027863685, "epoch": 9, "_timestamp": 1680522029, "_runtime": 32, "loss": 0.39489203691482544, "accuracy": 0.8475185036659241, "auc": 0.7565382719039917, "precision": 0.7306272983551025, "recall": 0.23376622796058655, "balanced_accuracy": 0.6091544032096863, "val_loss": 0.391111820936203, "val_accuracy": 0.8479729890823364, "val_auc": 0.7486242651939392, "val_precision": 0.7580645084381104, "val_recall": 0.2216981202363968, "val_balanced_accuracy": 0.6075361967086792, "_step": 9, "best_val_loss": 0.391111820936203, "best_epoch": 9, "_wandb": {"runtime": 25}}