{"GFLOPS": 0.0027863685, "epoch": 9, "_timestamp": 1680527720, "_runtime": 28, "loss": 0.3883938193321228, "accuracy": 0.8508975505828857, "auc": 0.7639297842979431, "precision": 0.7473683953285217, "recall": 0.25147581100463867, "balanced_accuracy": 0.6190935373306274, "val_loss": 0.37346169352531433, "val_accuracy": 0.849662184715271, "val_auc": 0.7899171710014343, "val_precision": 0.7428571581840515, "val_recall": 0.24528302252292633, "val_balanced_accuracy": 0.6123863458633423, "_step": 9, "best_val_loss": 0.37346169352531433, "best_epoch": 9, "_wandb": {"runtime": 24}}