{"GFLOPS": 0.0027863685, "epoch": 9, "_timestamp": 1680528235, "_runtime": 29, "loss": 0.38608938455581665, "accuracy": 0.8487856388092041, "auc": 0.7678048610687256, "precision": 0.7205387353897095, "recall": 0.2526564300060272, "balanced_accuracy": 0.6158740520477295, "val_loss": 0.38198548555374146, "val_accuracy": 0.8429054021835327, "val_auc": 0.7743905186653137, "val_precision": 0.7241379022598267, "val_recall": 0.19811320304870605, "val_balanced_accuracy": 0.5992384552955627, "_step": 9, "best_val_loss": 0.38198548555374146, "best_epoch": 9, "_wandb": {"runtime": 24}}