{"GFLOPS": 0.0027863685, "epoch": 9, "_timestamp": 1682505495, "_runtime": 34, "loss": 0.39068248867988586, "accuracy": 0.8485744595527649, "auc": 0.7606638073921204, "precision": 0.7152317762374878, "recall": 0.2550176978111267, "balanced_accuracy": 0.6164376735687256, "val_loss": 0.3621138334274292, "val_accuracy": 0.8445945978164673, "val_auc": 0.816537618637085, "val_precision": 0.7413793206214905, "val_recall": 0.20283019542694092, "val_balanced_accuracy": 0.5927421450614929, "_step": 9, "best_val_loss": 0.3621138334274292, "best_epoch": 9, "_wandb": {"runtime": 26}}