{"GFLOPS": 0.0027863685, "epoch": 9, "_timestamp": 1680597682, "_runtime": 35, "loss": 0.3896961808204651, "accuracy": 0.8451953530311584, "auc": 0.7661145925521851, "precision": 0.7175572514533997, "recall": 0.22195985913276672, "balanced_accuracy": 0.6012272834777832, "val_loss": 0.37888672947883606, "val_accuracy": 0.8530405163764954, "val_auc": 0.7800634503364563, "val_precision": 0.8064516186714172, "val_recall": 0.2358490526676178, "val_balanced_accuracy": 0.6046997308731079, "_step": 9, "best_val_loss": 0.37888672947883606, "best_epoch": 9, "_wandb": {"runtime": 187}}