{"GFLOPS": 0.0027863685, "epoch": 9, "_timestamp": 1680525560, "_runtime": 30, "loss": 0.39016833901405334, "accuracy": 0.8462513089179993, "auc": 0.7633594274520874, "precision": 0.7468879818916321, "recall": 0.2125147581100464, "balanced_accuracy": 0.5964581966400146, "val_loss": 0.3578961491584778, "val_accuracy": 0.8564189076423645, "val_auc": 0.8168385028839111, "val_precision": 0.7916666865348816, "val_recall": 0.2688679099082947, "val_balanced_accuracy": 0.6322917938232422, "_step": 9, "best_val_loss": 0.3578961491584778, "best_epoch": 9, "_wandb": {"runtime": 293}}