{"GFLOPS": 0.0027863685, "epoch": 9, "_timestamp": 1680096177, "_runtime": 99, "loss": 0.5340983867645264, "accuracy": 0.7407726645469666, "auc": 0.7626246213912964, "precision": 0.7285223603248596, "recall": 0.25029516220092773, "balanced_accuracy": 0.6445038914680481, "val_loss": 0.519702136516571, "val_accuracy": 0.7489655017852783, "val_auc": 0.7599726915359497, "val_precision": 0.7457627058029175, "val_recall": 0.2075471729040146, "val_balanced_accuracy": 0.6579188108444214, "_step": 69, "best_val_loss": 0.237208753824234, "best_epoch": 9, "auc_2": 0.7363360524177551, "precision_2": 0.6227272748947144, "recall_2": 0.3863508105278015, "val_auc_2": 0.7545993328094482, "val_precision_2": 0.6329966187477112, "val_recall_2": 0.42437922954559326, "_wandb": {"runtime": 94}}