{"GFLOPS": 0.0027863685, "epoch": 9, "_timestamp": 1680095443, "_runtime": 32, "loss": 0.4539114832878113, "accuracy": 0.7998658418655396, "auc": 0.7690203785896301, "precision": 0.6673040390014648, "recall": 0.3261682391166687, "balanced_accuracy": 0.6385615468025208, "val_loss": 0.43811026215553284, "val_accuracy": 0.8059033751487732, "val_auc": 0.7931102514266968, "val_precision": 0.652694582939148, "val_recall": 0.40671640634536743, "val_balanced_accuracy": 0.6704455018043518, "_step": 9, "best_val_loss": 0.43811026215553284, "best_epoch": 9, "_wandb": {"runtime": 28}}