{"GFLOPS": 0.0027863685, "epoch": 9, "_timestamp": 1680598386, "_runtime": 31, "loss": 0.38826093077659607, "accuracy": 0.8451953530311584, "auc": 0.7684587240219116, "precision": 0.7080292105674744, "recall": 0.22904367744922638, "balanced_accuracy": 0.6045358180999756, "val_loss": 0.3792772591114044, "val_accuracy": 0.8555743098258972, "val_auc": 0.7706999182701111, "val_precision": 0.7808219194412231, "val_recall": 0.2688679099082947, "val_balanced_accuracy": 0.6239597201347351, "_step": 9, "best_val_loss": 0.3792772591114044, "best_epoch": 9, "_wandb": {"runtime": 24}}